{"cameraMode":{"drawMode":0,"name":"Shaded","section":"Shading Mode"},"sceneLighting":true,"audioPlay":false,"sceneViewState":{"m_AlwaysRefresh":true,"showFog":true,"showSkybox":true,"showFlares":true,"showImageEffects":true,"showParticleSystems":true,"showVisualEffectGraphs":true,"m_FxEnabled":true},"in2DMode":false,"pivot":{"x":-0.47000429034233096,"y":1.6832945346832276,"z":-0.24572481215000153},"rotation":{"x":0.17756713926792146,"y":0.7016928791999817,"z":-0.1876509040594101,"w":0.6639947295188904},"size":2.8863515853881838,"orthographic":false}